,Auction,Num Bids,Eng,Lowest Bid,2_bid,3_bid,4_bid,5_bid,6_bid,7_bid,8_bid,9_bid,10_bid
0,26055,2,1162614.0,1066564.5,1231284.0,,,,,,,,
1,20912,7,1800000.0,1747562.65,1870875.3,1878649.35,1889633.0,2391868.0,2397750.0,3325324.0,,,
2,24881,2,2536283.06,2924208.0,3710384.2,,,,,,,,
3,24921,3,2800000.01,2895069.0,2988158.0,3898085.16,,,,,,,
4,24063,5,4626079.2,3618938.3,3751213.5,3896707.4,4150364.02,4766033.32,,,,,
5,24610,8,39000000.0,45965236.0,46162718.07,49334414.86,49650899.6,51268186.3,53722791.56,58163150.69,62953677.5,,
6,22903,2,33000000.0,39607433.98,41898704.82,,,,,,,,
7,24935,2,1500000.0,1636786.0,2002227.5,,,,,,,,
8,24395,3,8300000.0,10512989.35,11774728.3,12895684.35,,,,,,,
9,23601,3,9659675.5,7017550.0,7164187.5,7672202.26,,,,,,,
10,23537,4,3300000.0,4120979.48,4209827.39,4217000.0,4713173.24,,,,,,
11,24993,4,755500.0,693730.0,716858.0,723424.0,759290.0,,,,,,
12,26355,1,1681461.8,1674070.3,,,,,,,,,
13,24224,6,7775000.0,8981782.6,8993737.0,11516040.0,11714615.02,11969290.67,13752936.39,,,,
14,24199,6,5715000.0,5486435.9,5988706.0,5997909.19,6735430.2,6934593.58,7258182.84,,,,
15,25137,3,2134570.0,1548999.0,1767901.0,2304736.0,,,,,,,
16,25850,3,1892184.0,1887265.0,1903178.5,4908460.0,,,,,,,
17,22193,2,18113461.21,21890679.16,22350277.47,,,,,,,,
18,26036,2,442975.0,555495.0,580075.0,,,,,,,,
19,26244,1,2900000.0,2493062.25,,,,,,,,,
20,25120,2,486879.0,545861.5,690000.0,,,,,,,,
21,21855,5,3663682.58,3098847.35,3436044.03,3704833.05,3799846.03,4180771.0,,,,,
22,24229,2,10569308.7,7080420.17,9187457.25,,,,,,,,
23,21400,2,5700000.0,5635899.39,6785575.3,,,,,,,,
24,25295,1,441058.75,414867.88,,,,,,,,,
25,23612,3,1244890.0,1540725.1,1558047.29,1559306.2,,,,,,,
26,22020,3,19126443.5,18991815.84,19214445.92,19763385.05,,,,,,,
27,25942,3,9017854.0,7902793.1,8123624.51,9448792.45,,,,,,,
28,26270,5,1900000.0,1848479.0,1903212.0,1921453.0,1999027.82,2152047.25,,,,,
29,24971,2,13281298.5,12661159.85,14304073.99,,,,,,,,
30,25071,3,4500000.01,4080829.29,4208925.96,4566597.19,,,,,,,
31,22992,1,11367503.0,12263410.53,,,,,,,,,
32,26419,1,1138965.0,986914.05,,,,,,,,,
33,25538,6,3500000.0,2321547.11,2324631.63,2448554.41,2502429.82,2678540.03,2765999.0,,,,
34,25279,2,680282.5,438107.0,446920.0,,,,,,,,
35,26438,5,1000000.0,784132.96,991400.0,1090698.0,1264995.0,1481853.0,,,,,
36,24208,3,16818052.0,14314966.6,16399849.41,17669719.4,,,,,,,
37,24414,1,5136933.22,5520588.7,,,,,,,,,
38,24394,1,1206000.0,1186600.16,,,,,,,,,
39,24646,5,1100000.0,670297.0,804689.5,884884.0,1098141.25,1269720.0,,,,,
40,25668,2,1001306.38,1222402.0,1812714.0,,,,,,,,
41,24795,3,474860.0,558097.5,649999.0,669129.0,,,,,,,
42,25293,5,1703392.84,1646566.34,1649635.2,2128148.6,2222428.0,2329649.39,,,,,
43,22036,5,5261535.0,5441723.08,5572733.6,5956425.4,6335184.98,6642699.0,,,,,
44,24412,1,1100007.0,749206.0,,,,,,,,,
45,24167,1,892580.0,1194545.0,,,,,,,,,
46,24639,5,2000000.0,1992436.8,2151653.81,3115089.9,3361362.85,3477938.9,,,,,
47,23688,2,700000.0,693896.87,1065888.0,,,,,,,,
48,25276,1,3000000.0,2989418.49,,,,,,,,,
49,24872,1,2105230.0,2745838.9,,,,,,,,,
50,20986,4,4800000.0,3780958.22,4611545.74,4681167.7,5139925.4,,,,,,
51,22338,4,4600000.0,4977656.25,7474337.0,7526451.86,7811688.6,,,,,,
52,23817,3,10200000.0,8656532.96,9472053.36,10610155.6,,,,,,,
53,24673,2,1323794.0,1469215.0,2414592.0,,,,,,,,
54,25817,1,4200000.0,4074430.23,,,,,,,,,
55,24994,3,362500.0,324225.0,378125.0,400750.0,,,,,,,
56,26262,3,687800.0,513949.0,574612.0,974786.0,,,,,,,
57,23327,4,6655701.0,5039495.35,5769288.05,6664213.9,6852458.8,,,,,,
58,25478,1,4000000.0,4923812.7,,,,,,,,,
59,23115,1,2700000.0,2240000.0,,,,,,,,,
60,24416,2,664000.0,916269.0,921504.39,,,,,,,,
61,23535,4,100925098.67,105158918.35,119757640.95,120156691.1,144805137.0,,,,,,
62,25016,3,479500.0,448255.86,565395.11,733399.6,,,,,,,
63,21591,2,4200000.0,4696233.75,6134493.89,,,,,,,,
64,25354,4,1600860.0,2131163.07,2295285.0,2433385.5,2604226.6,,,,,,
65,22702,1,1149370.0,1096643.8,,,,,,,,,
66,24509,4,2975099.0,2497837.0,2947473.8,3180448.1,4583220.76,,,,,,
67,24200,5,6864851.67,5111254.25,5123803.35,5331754.25,5929921.95,6399435.15,,,,,
68,24171,3,5883600.0,6877563.45,7321935.95,9486863.0,,,,,,,
69,21222,3,2300000.0,3070798.76,3331598.12,3412108.0,,,,,,,
70,20896,4,3000000.0,2827827.0,3298552.0,3420596.61,3597574.0,,,,,,
71,24884,3,15000000.0,17339986.92,19134061.25,19502109.81,,,,,,,
72,23698,5,1600000.0,1853073.44,2086400.0,2137416.0,2283705.01,3425024.0,,,,,
73,25140,5,3100000.0,2545678.1,2569727.5,2678575.8,2858528.01,3273284.69,,,,,
74,24667,3,5504571.43,6596527.0,6799770.0,7018649.74,,,,,,,
75,24015,3,4047501.0,4956044.15,6099999.0,7789750.02,,,,,,,
76,23623,2,560775.0,744942.0,766961.0,,,,,,,,
77,26328,3,650680.0,505000.0,565130.0,690420.0,,,,,,,
78,24666,7,10000000.0,9900432.72,10326840.5,10827181.4,11596000.0,11985226.25,12152417.02,15781467.1,,,
79,25524,3,385000.0,328376.56,414591.0,470646.0,,,,,,,
80,24092,2,13293410.95,14126484.41,14384518.38,,,,,,,,
81,23544,8,2100000.0,1697000.0,1705746.68,1798898.0,1938274.5,1986115.71,2132997.3,2134051.0,2220066.0,,
82,22547,8,12994800.0,13166577.55,14449351.84,14820130.1,14872670.35,15577074.45,16296445.93,17252092.63,20114461.9,,
83,23475,2,10036403.05,9490148.53,9636645.21,,,,,,,,
84,24032,6,1200000.0,1223303.25,1254660.5,1292605.55,1374985.0,1396713.0,1409515.0,,,,
85,23871,3,760000.0,748495.0,855383.0,1112035.87,,,,,,,
86,20169,4,8250688.0,6735433.99,7155000.0,9244165.0,9827284.1,,,,,,
87,21472,4,9596980.0,12879789.35,13342317.86,13874102.7,14211843.0,,,,,,
88,25035,3,1558896.85,1518388.73,1579977.13,2312223.75,,,,,,,
89,26352,3,3350000.0,2893852.87,3115025.43,3245086.62,,,,,,,
90,24951,2,830000.0,646748.0,713824.0,,,,,,,,
91,23971,3,353040.0,289870.0,372099.0,495955.7,,,,,,,
92,24672,2,235000.0,244433.0,258782.0,,,,,,,,
93,23110,2,7348166.0,9208179.5,10121937.7,,,,,,,,
94,25561,2,7800000.0,7438813.0,7563838.0,,,,,,,,
95,24894,1,47957757.02,47957757.02,,,,,,,,,
96,22381,5,22562575.75,26917300.0,26956035.93,27272031.05,31297035.57,34311607.82,,,,,
97,25037,4,20636218.7,20899040.68,21548702.5,24732732.0,25898971.88,,,,,,
98,26054,5,1765000.0,1388960.34,1523287.0,1609230.96,2075365.0,2166235.21,,,,,
99,24247,3,3591117.4,3297815.15,4645511.22,4675576.0,,,,,,,
100,24769,4,1541657.3,1564170.0,1802409.14,2127817.3,2477811.8,,,,,,
101,20706,3,1616536.5,1400000.0,1758282.0,1905226.73,,,,,,,
102,24198,2,5800000.0,5695695.99,6041043.79,,,,,,,,
103,24193,3,10300000.0,12723069.27,13739043.0,14232481.52,,,,,,,
104,25974,6,1536691.92,1520811.25,1734732.64,2170921.38,2252054.45,2635000.0,3440532.5,,,,
105,24142,2,4818686.0,3855000.0,4408564.0,,,,,,,,
106,25277,4,3096405.3,2191362.0,2447092.67,2513561.4,3551486.5,,,,,,
107,21801,4,4400000.0,4704411.4,5395010.32,5679258.64,6300630.0,,,,,,
108,24955,2,1945075.0,2089265.0,2181900.0,,,,,,,,
109,24477,2,1603530.0,2118114.0,3005795.0,,,,,,,,
110,23064,1,616297.0,715000.0,,,,,,,,,
111,22629,4,4821014.95,5098771.0,5500000.0,5637292.79,6234491.16,,,,,,
112,23592,2,7000000.0,6154075.8,6556359.85,,,,,,,,
113,24885,4,1372536.0,1190000.0,1269499.15,1415585.0,1432583.0,,,,,,
114,24772,1,1303223.0,1634083.0,,,,,,,,,
115,24678,2,8714550.0,7750316.1,8193117.3,,,,,,,,
116,23505,1,9382218.0,9280171.97,,,,,,,,,
117,24405,1,4302838.72,4432957.09,,,,,,,,,
118,23468,4,12800000.0,13997628.23,14120306.41,14206995.65,15278130.15,,,,,,
119,24670,3,8350901.0,9157473.0,9922134.5,10522532.11,,,,,,,
120,26275,1,16000000.0,15719271.04,,,,,,,,,
121,25317,4,1000000.0,1291761.85,1710063.25,1795399.4,2256216.5,,,,,,
122,24037,3,165064.5,174037.0,245313.0,246659.3,,,,,,,
123,23061,3,12005294.3,10674323.88,11312500.0,11964668.25,,,,,,,
124,24544,2,10443474.0,7922323.51,8104990.0,,,,,,,,
125,25447,1,4093739.61,4185920.67,,,,,,,,,
126,23758,4,4799153.0,4430539.3,5573850.0,6632188.0,6707410.5,,,,,,
127,25859,4,16500000.0,15810821.36,16986300.91,17257000.0,18417097.1,,,,,,
128,20960,3,5717768.5,6056197.46,6099750.0,6793415.65,,,,,,,
129,23873,4,765675.0,679000.0,789151.0,846200.75,1135986.0,,,,,,
130,24954,2,6085432.65,4806630.45,5539841.35,,,,,,,,
131,24878,4,3600000.0,2475000.0,2787162.0,2841622.0,3374031.9,,,,,,
132,24599,2,3570928.5,3369252.14,6295034.0,,,,,,,,
133,26343,3,498720.8,443963.2,504026.01,646179.6,,,,,,,
134,23443,3,2099909.0,1742097.0,2623501.0,3906556.0,,,,,,,
135,22465,1,11000000.0,12796063.7,,,,,,,,,
136,26578,5,600000.0,423380.0,508852.0,672607.0,762655.0,987620.0,,,,,
137,23019,1,5822199.44,6514608.17,,,,,,,,,
138,23499,2,6808711.0,6686562.84,7778375.35,,,,,,,,
139,25205,1,3935750.0,3801536.05,,,,,,,,,
140,23292,2,2300000.0,2854417.85,3206988.7,,,,,,,,
141,21556,3,24639386.9,22317300.0,24836000.0,26542435.32,,,,,,,
142,26311,3,4600000.0,4877179.8,5156048.77,5170025.6,,,,,,,
143,23697,3,7000000.0,6997892.42,7557886.15,10309324.9,,,,,,,
144,25166,1,3253459.13,3507949.39,,,,,,,,,
145,25444,2,2919144.5,2546291.82,2584400.94,,,,,,,,
146,22529,7,20447908.0,19126166.0,19225000.0,19344459.22,19880000.0,20148369.5,20179169.65,21327291.4,,,
147,25124,3,1644264.23,1476110.2,1645492.36,2137308.12,,,,,,,
148,24658,3,4220600.0,4128231.0,5473317.6,5775782.47,,,,,,,
149,24887,6,16087610.3,11942392.41,13381330.9,13896804.68,16281746.84,16708777.0,18418236.81,,,,
150,23191,2,2003463.75,2095832.0,2903962.13,,,,,,,,
151,25708,3,3429000.0,3295983.8,3353299.48,3786709.06,,,,,,,
152,22247,3,1900000.0,2097272.44,2175163.17,2453158.8,,,,,,,
153,21191,3,6000000.0,6049464.37,6119885.5,6754762.0,,,,,,,
154,25855,2,3460110.0,2887896.79,3767948.0,,,,,,,,
155,26617,2,610000.0,637922.5,643227.0,,,,,,,,
156,24966,2,502057.0,512963.0,538688.0,,,,,,,,
157,24770,2,1331712.5,1168613.0,1440759.15,,,,,,,,
158,24166,2,6856967.1,6632329.84,8293025.45,,,,,,,,
159,24905,2,36528643.2,36536568.67,46054100.3,,,,,,,,
160,23583,1,18685169.05,19290622.35,,,,,,,,,
161,24039,4,2854000.0,2938959.5,2975374.2,3055550.3,3382487.99,,,,,,
162,21825,3,2204476.0,2019305.0,2475221.15,2500000.0,,,,,,,
163,21657,5,2367440.0,2330855.24,2417158.64,2443976.32,3137117.1,3176159.25,,,,,
164,24425,4,6397540.32,4523363.45,5421969.0,5541765.0,6197430.74,,,,,,
165,24036,3,8340000.0,7525598.82,8604721.0,9194012.8,,,,,,,
166,25542,3,12300000.0,10791598.34,11233000.0,14550161.74,,,,,,,
167,23862,4,8300000.0,9459567.99,10394114.0,10669896.62,10900567.32,,,,,,
168,24956,3,2943356.5,2824931.56,2827750.0,3165243.25,,,,,,,
169,25873,1,1620000.0,1348751.9,,,,,,,,,
170,25036,1,6472679.5,6657728.1,,,,,,,,,
171,23465,4,5398559.0,4300000.0,5577203.25,6279174.0,6361631.0,,,,,,
172,24682,3,19300028.4,14264485.27,15857724.22,18867748.37,,,,,,,
173,25236,2,6088206.4,4408676.5,5096891.65,,,,,,,,
174,24620,7,17200000.0,18405711.55,19062688.44,19976086.3,21715000.0,22542467.0,22861025.41,25311266.0,,,
175,23513,2,12307150.5,13523000.0,15744394.0,,,,,,,,
176,24237,2,5843695.3,5028719.8,5379008.8,,,,,,,,
177,23423,2,7802160.0,6035626.55,6698734.0,,,,,,,,
178,24889,2,9670558.52,8097729.83,8711003.8,,,,,,,,
179,19164,6,2650000.0,2595839.0,2857745.88,2862180.27,2899476.98,3506600.0,3540211.0,,,,
180,24417,5,30939340.0,34726159.27,39239579.9,40648531.32,42000000.0,48986717.95,,,,,
181,22601,4,14000000.0,8951969.26,10261959.29,10435794.79,12633807.25,,,,,,
182,24674,2,1304061.0,1419926.3,1423189.0,,,,,,,,
183,25672,1,92317.0,145553.23,,,,,,,,,
184,23509,5,5163650.0,5188517.45,5781405.21,5872056.61,6040371.5,6089461.7,,,,,
185,24184,1,3069276.0,3032752.0,,,,,,,,,
186,24463,2,315640.0,348232.0,600595.0,,,,,,,,
187,26050,2,172000.0,145265.11,171596.2,,,,,,,,
188,23838,1,5167055.0,8447636.0,,,,,,,,,
189,24415,3,650456.0,704678.03,840593.0,844190.33,,,,,,,
190,25499,3,783903.0,566501.0,657493.0,675000.0,,,,,,,
191,25737,1,2661153.0,3147379.0,,,,,,,,,
192,23192,2,1762417.0,1957891.0,2178612.0,,,,,,,,
193,25263,2,1200000.0,1141961.9,1209999.0,,,,,,,,
194,23444,3,2000000.0,1677136.45,2541255.0,2920456.95,,,,,,,
195,23557,5,7768831.5,7499484.8,8087845.6,8099000.0,8197502.29,8476551.95,,,,,
196,19771,4,4363623.0,3776448.13,3920068.23,4150000.0,6639728.63,,,,,,
197,24238,3,1367244.45,1165615.42,1674909.15,1882270.69,,,,,,,
198,23861,2,12000000.0,15506616.6,17692612.2,,,,,,,,
199,24902,3,1400000.0,1202622.29,1472326.0,1495010.18,,,,,,,
200,25663,2,1000000.0,1105958.3,1425964.48,,,,,,,,
201,20907,4,2986398.0,3775000.0,4614274.0,4908367.0,5142575.0,,,,,,
202,24464,5,5500000.0,6229334.71,7297780.5,7319594.64,7511826.7,8251054.48,,,,,
203,24375,1,5599748.5,7587094.0,,,,,,,,,
204,23160,1,10697188.2,11946689.77,,,,,,,,,
205,24957,1,11999999.99,11849087.88,,,,,,,,,
206,24771,3,2207650.0,2256065.0,2295630.0,2591637.5,,,,,,,
207,25918,6,3802273.5,3292634.21,3434076.6,3598000.0,3658733.15,3782491.0,5014908.0,,,,
208,25921,5,8100000.0,10329636.0,10831940.09,12418497.66,14027965.13,15980984.26,,,,,
209,24680,2,2545767.0,2200000.0,3222220.0,,,,,,,,
210,23689,4,1262860.0,1351993.0,1496461.4,1513407.1,1687818.0,,,,,,
211,21415,2,15360840.5,16532414.25,17982600.24,,,,,,,,
212,24321,7,5167292.0,4029066.8,4067941.81,4411916.04,4662296.0,4842638.49,4958566.85,5392295.5,,,
213,25874,2,1900000.0,1814282.0,2287879.0,,,,,,,,
214,23621,3,2460586.0,2035000.0,2629921.72,2701861.0,,,,,,,
215,21791,3,4800000.0,6297433.64,7721535.59,8303682.79,,,,,,,
216,23176,1,7187399.0,8097793.64,,,,,,,,,
217,24535,4,2300000.01,1898279.0,1958069.0,1993080.0,2272902.95,,,,,,
218,25463,2,351080.0,517741.0,586497.21,,,,,,,,
219,25151,3,1500000.0,1850028.0,2870000.0,2996462.27,,,,,,,
220,21837,2,8700000.0,8614391.16,9069209.12,,,,,,,,
221,24148,5,2509255.0,2276811.91,2397974.4,2527270.76,2689028.35,3459906.0,,,,,
222,25832,3,2700000.0,2588099.25,2690431.72,3027683.95,,,,,,,
223,25789,1,707750.0,1982586.35,,,,,,,,,
224,23542,3,5868027.29,5420000.0,5444389.65,6415496.05,,,,,,,
225,24598,3,3032255.0,1961623.67,2741028.75,2896275.83,,,,,,,
226,25541,2,2000000.0,1848693.0,1894000.0,,,,,,,,
227,25602,5,1240000.0,802142.5,912773.0,949999.0,1058908.8,1348955.0,,,,,
228,25081,4,1769333.4,1764435.35,1794020.6,1803825.26,2761547.64,,,,,,
229,24017,3,1770000.0,1716817.0,1743369.2,1757937.0,,,,,,,
230,22242,1,3000000.0,2021561.69,,,,,,,,,
231,26259,4,1994379.0,1764960.5,1847158.0,2007055.45,3005910.0,,,,,,
232,24057,6,16610060.0,17879000.0,18123585.4,18842652.0,19704480.95,21438368.13,21706720.08,,,,
233,23560,2,16563414.15,14324912.69,16888499.82,,,,,,,,
234,24311,3,10634652.5,11244775.2,11884450.35,14266014.2,,,,,,,
235,23546,2,16500000.0,17781881.53,20845330.26,,,,,,,,
236,24668,2,904550.0,1341361.0,1552461.0,,,,,,,,
237,24232,1,2100000.0,1847077.3,,,,,,,,,
238,22953,5,542980.4,706289.0,709540.4,792524.5,925282.0,976335.5,,,,,
239,25086,2,900000.0,894364.0,935714.0,,,,,,,,
240,22350,4,15300000.0,19259072.45,19554435.85,21111111.11,22552208.19,,,,,,
241,24684,2,1903193.5,2499779.84,2630976.13,,,,,,,,
242,25280,2,21505150.0,23979880.0,34993871.02,,,,,,,,
243,24418,2,7308469.1,5897002.35,6214983.14,,,,,,,,
244,25613,5,499999.99,430695.9,470445.2,472708.5,486601.0,553774.0,,,,,
245,25441,2,2187517.0,2299436.0,2725835.56,,,,,,,,
246,22827,4,39500000.0,49068138.24,57056561.51,57101000.0,59730710.0,,,,,,
247,25089,4,3300000.0,3897678.07,4127646.0,4525283.0,5064521.6,,,,,,
248,24518,1,4644427.21,4644427.21,,,,,,,,,
249,24279,4,2996661.0,3896461.0,4165966.5,4573677.01,4698218.0,,,,,,
250,25093,3,26000003.0,21867076.31,24562075.27,28527754.94,,,,,,,
251,23567,4,7909312.0,8027827.75,8514360.52,9957345.87,10354161.3,,,,,,
252,23541,2,1900000.0,2012665.1,2135550.0,,,,,,,,
253,26357,3,700000.0,497229.68,545081.05,589322.56,,,,,,,
254,24622,4,9500000.02,11696658.61,11985000.0,12189799.71,12242506.46,,,,,,
255,25641,5,1350000.0,1311279.0,1422164.75,1423962.63,1554475.69,1563165.0,,,,,
256,23497,2,7515475.5,7358619.25,8193656.0,,,,,,,,
257,20867,1,15992200.0,16494822.0,,,,,,,,,
258,24263,3,4500000.0,4623000.0,4787329.01,4921986.42,,,,,,,
259,25670,3,837006.0,837006.0,1106905.0,1417396.36,,,,,,,
260,22437,5,768693.0,1068716.0,1076637.7,1085869.0,1168705.0,1414966.0,,,,,
261,23585,4,2200255.3,2154630.7,2272702.31,2385128.51,2656006.72,,,,,,
262,23485,7,6204360.5,4942712.29,5013765.31,5078192.25,5352263.45,5632142.0,7358759.0,9075974.0,,,
263,23112,2,1550097.0,1832965.0,2071793.0,,,,,,,,
264,23186,7,2224481.35,1710210.16,1798693.64,2054579.91,2054960.0,2120840.0,2147241.25,3121062.66,,,
265,21211,5,2600000.0,2841807.59,3066537.15,3221024.0,3457161.7,3586398.9,,,,,
266,23075,2,8684203.0,8973056.7,10349858.45,,,,,,,,
267,22188,2,2200000.0,1790122.0,1899000.0,,,,,,,,
268,22570,3,4499038.3,3594120.5,4483133.9,5078412.66,,,,,,,
269,23435,4,992580.0,686000.0,694288.0,739245.82,877963.0,,,,,,
270,24245,3,450000.0,429287.6,447131.1,675252.0,,,,,,,
271,23903,3,600000.0,627740.25,713898.45,843128.0,,,,,,,
272,23036,2,731875.91,806793.0,1242914.0,,,,,,,,
273,23419,3,434270.0,483000.0,483225.5,633254.0,,,,,,,
274,22399,6,4103400.0,3779170.0,4134731.53,4196705.71,4197907.0,4375711.45,4964541.43,,,,
275,21750,3,5898450.8,5021334.65,5199380.95,5339681.06,,,,,,,
276,24323,4,6423997.0,3872991.27,4057775.9,4760000.0,4985368.89,,,,,,
277,22966,2,9799765.0,10440648.0,10623000.0,,,,,,,,
278,23239,3,10025621.1,11321034.99,11730276.46,12178662.3,,,,,,,
279,21829,1,1300000.0,1349912.0,,,,,,,,,
280,24427,4,495000.0,392790.0,496690.0,595595.0,675220.0,,,,,,
281,24075,1,1232369.26,1232369.26,,,,,,,,,
282,22479,1,5284284.0,5284284.0,,,,,,,,,
283,22734,4,7959713.3,8665314.0,8843415.72,8948045.55,9184621.4,,,,,,
284,20787,6,2300000.0,2152785.9,2160531.5,2230812.3,2323994.5,2455083.0,2722131.0,,,,
285,24400,1,27642973.62,30593034.49,,,,,,,,,
286,24319,3,3513990.5,3246759.3,3306780.4,4236641.77,,,,,,,
287,23843,1,9775659.09,9775659.09,,,,,,,,,
288,21776,2,5700000.0,4636611.0,4887839.37,,,,,,,,
289,23495,7,5783532.6,4617588.27,4671634.36,5372195.22,5591738.15,6234412.66,9028697.91,9599841.35,,,
290,21324,5,11000000.0,12336881.0,13058000.0,13520528.2,14054767.8,14107570.8,,,,,
291,24491,2,328835.0,405363.9,507256.8,,,,,,,,
292,21866ra,2,2200000.0,2163761.4,2532551.36,,,,,,,,
293,22435,3,1265197.0,1247572.0,1307076.0,1385732.0,,,,,,,
294,20900,6,1316285.0,1231602.06,1324349.46,1413125.5,1531962.75,1589859.0,2406753.9,,,,
295,24381,2,819723.3,769386.25,997509.0,,,,,,,,
296,24507,3,2000000.0,1436047.7,1447482.28,1492110.8,,,,,,,
297,21982,3,4400000.0,5157481.9,5162000.0,5527456.0,,,,,,,
298,23126,3,8028109.1,6394977.35,6777161.05,9525039.9,,,,,,,
299,23425,3,3028810.0,2173763.5,2190556.0,2908402.84,,,,,,,
300,22839,3,7800000.0,7450048.0,7832765.35,8378486.0,,,,,,,
301,22476,2,2001445.0,2429999.84,2555000.0,,,,,,,,
302,24254,1,495000.0,539237.0,,,,,,,,,
303,21851,5,3528345.5,3519000.0,3805560.66,3970004.6,3995379.09,4334010.75,,,,,
304,21015,1,1349718.0,1568200.9,,,,,,,,,
305,21832,3,1200000.0,827581.25,917311.16,1172372.9,,,,,,,
306,22859,4,1650932.0,1127477.0,1242000.0,1343304.15,1609854.5,,,,,,
307,20895,3,1499132.0,1975896.5,1996779.81,2897963.62,,,,,,,
308,23421r,5,4600000.0,4148547.3,4208039.2,4475130.68,4556111.8,5110625.51,,,,,
309,23189,3,10000000.0,9731000.0,10714890.39,12400645.65,,,,,,,
310,22372,2,1005471.5,947425.8,1173622.61,,,,,,,,
311,24653,4,495000.0,467197.75,636415.0,663253.0,746590.0,,,,,,
312,19263,6,5442678.0,5353935.5,5497330.56,5973733.91,6183272.15,6379683.27,8239887.84,,,,
313,23668,4,1966050.0,1924290.0,2167000.0,2352132.8,2530293.82,,,,,,
314,22533,4,5053542.1,4882214.18,5037466.87,5140398.05,5992427.5,,,,,,
315,23676r,3,974160.0,1400899.0,1456762.1,1726642.7,,,,,,,
316,23653,5,400000.0,375686.0,397999.0,434434.2,463116.0,671506.0,,,,,
317,22495,3,2039000.0,2728344.0,2798206.0,3079145.77,,,,,,,
318,22975,1,4675088.0,5272554.68,,,,,,,,,
319,21861,3,1572275.5,1734605.84,1858267.1,1931466.35,,,,,,,
320,23522,7,25000000.0,26311514.56,26345703.16,27062135.31,27830709.44,29028600.0,32077901.0,33162021.0,,,
321,21854,2,6030686.0,5995456.29,7298115.38,,,,,,,,
322,24206,1,8443623.5,8482053.0,,,,,,,,,
323,23699,1,1087830.0,1135158.0,,,,,,,,,
324,23506,5,9347138.5,9098756.76,9362816.23,10170456.77,10623946.6,11941880.0,,,,,
325,22810,1,2900000.0,3289092.32,,,,,,,,,
326,20821,5,3403498.4,3225150.78,3329628.0,3575682.71,3847137.05,4103775.69,,,,,
327,24095,4,554410.0,450626.5,498185.4,529391.5,533009.0,,,,,,
328,24304,1,6470885.56,7041298.06,,,,,,,,,
329,23125,3,1803681.25,2777487.83,2982133.0,3399062.58,,,,,,,
330,22949,4,806390.0,839139.0,920224.0,941408.0,969898.0,,,,,,
331,23134,2,6840598.5,8716110.25,10376741.33,,,,,,,,
332,23673,6,11544450.2,9258933.37,11873729.37,12131124.35,12861964.36,13135492.88,13815921.0,,,,
333,22085,2,5950302.9,6242111.75,7986980.95,,,,,,,,
334,23280,5,2703090.0,2242550.0,2510177.73,2541677.4,2567336.0,2687230.0,,,,,
335,23037,4,1651359.0,1453444.63,1657477.0,1985210.0,2386584.5,,,,,,
336,22555,2,17032967.45,13545234.0,13562192.8,,,,,,,,
337,23062,2,2056923.0,2778251.0,3318899.5,,,,,,,,
338,23426,1,300000.0,121174.0,,,,,,,,,
339,20694,6,1351031.0,1412234.07,1608836.85,1627119.17,1946984.85,1993518.86,2378662.5,,,,
340,24074,4,2036655.0,2115675.0,2240875.0,2671172.5,2685317.5,,,,,,
341,20628,4,3263848.75,3165324.0,3644285.0,3982477.98,4055850.13,,,,,,
342,22368r,4,4132527.0,4489543.0,4545431.25,4817393.0,5057000.0,,,,,,
343,20952,4,2076298.5,2241203.0,2286367.69,2298169.65,2771565.15,,,,,,
344,23399,3,1176586.0,1287611.0,1456278.0,1462527.85,,,,,,,
345,22996,3,6200000.0,6178722.86,6311977.22,6730043.76,,,,,,,
346,24251,1,8286089.12,8666684.84,,,,,,,,,
347,23103,2,10700207.5,9185527.9,11075325.0,,,,,,,,
348,23060,2,6198999.7,6331944.2,6442274.36,,,,,,,,
349,22166,2,1100000.0,1233396.66,1469276.7,,,,,,,,
350,24244,6,3802740.0,3243201.55,3335103.83,3536568.85,3668336.85,3739388.0,4387433.84,,,,
351,24428,2,333300.0,258100.0,337400.0,,,,,,,,
352,24297,1,4233606.16,4233606.16,,,,,,,,,
353,24141,4,4075129.0,2999921.82,3459293.25,3970840.79,4958769.03,,,,,,
354,23124,2,2610000.0,2885726.1,3031770.49,,,,,,,,
355,22865,10,2600000.0,2627599.45,2771562.4,2852642.67,2934293.8,2992807.0,3072761.33,3144142.7,3165916.95,3284786.55,3333285.0
356,24500,3,2000000.0,1763226.0,2288808.0,2600000.0,,,,,,,
357,22796,4,4000000.0,4251133.2,4377377.67,4814651.5,5710127.8,,,,,,
358,20121,2,13000886.75,13278578.8,14304613.5,,,,,,,,
359,24338,3,2300000.0,2183681.75,2186898.65,2362267.05,,,,,,,
360,24367,1,10418382.62,10418752.22,,,,,,,,,
361,22943,1,11033818.3,12613255.77,,,,,,,,,
362,23490,3,20623355.9,21982066.35,24743109.8,24961248.3,,,,,,,
363,23321r,5,6600000.0,6134943.74,6613279.75,6916909.0,6992566.2,9563438.32,,,,,
364,20898,2,389706.5,825874.03,1187604.5,,,,,,,,
365,22995,10,1800000.0,1373919.9,1457347.0,1457792.3,1544908.0,1569224.0,1606678.97,1609035.15,1678853.9,1824000.0,1863581.25
366,23500,3,8759098.92,8032745.27,8959413.0,10167175.8,,,,,,,
367,22712,1,11537166.8,11537166.8,,,,,,,,,
368,21986,5,13501000.0,13636670.6,14122333.85,14299999.99,15065755.35,15333553.23,,,,,
369,24093,3,906503.5,996991.45,1075667.5,1406118.0,,,,,,,
370,23355,3,1032745.0,900069.0,1131946.0,1176051.0,,,,,,,
371,23605,1,18285665.17,18285665.17,,,,,,,,,
372,22845,3,7080602.2,6421280.1,6983248.3,7584859.7,,,,,,,
373,23675,2,2213575.0,2755466.0,2903990.0,,,,,,,,
374,24472,3,2004849.5,2621686.25,2768113.86,3070864.1,,,,,,,
375,23067,4,9230184.0,7018011.26,7196818.4,7581000.0,7968137.35,,,,,,
376,24053r,2,2289794.0,2264126.0,2872720.0,,,,,,,,
377,23169,6,8635332.1,8210403.86,8552999.1,8750996.2,8923770.38,8991379.0,11198619.36,,,,
378,23841,1,64489475.58,64489476.5,,,,,,,,,
379,23922r,4,1333156.0,1100750.0,1245289.6,1280000.0,1284642.0,,,,,,
380,22210,3,9919000.0,9696572.28,10983042.28,12858484.07,,,,,,,
381,22443,3,328845.0,384987.5,405000.0,760330.0,,,,,,,
382,21572,3,4524735.7,4047183.1,4129091.26,4700000.0,,,,,,,
383,21795,1,11762536.75,11566137.7,,,,,,,,,
384,21907,6,27586294.4,28491838.57,29078285.55,29959353.9,30235918.17,31339477.08,33966085.0,,,,
385,23178,3,12500586.55,12833876.9,13286170.47,13495866.16,,,,,,,
386,23005,8,1500000.0,1192142.1,1329977.3,1356071.0,1376998.62,1445577.0,1465423.82,1567845.0,1600000.0,,
387,24062,3,478554.0,473829.0,479843.8,500000.0,,,,,,,
388,17881c,3,31323797.51,26104984.43,28271548.65,32500734.12,,,,,,,
389,23865,4,1136277.0,1086039.0,1457538.0,1499988.5,1535924.5,,,,,,
